{"relative_distance_errors": {"android:HAMF": [[0.09959550700969652], [0.013710145180062715], [0.03566822111603303], [0.005647869550394057], [0.05835384594408353], [0.011132722985246655], [0.003730357136922753], [0.000951759192020891], [0.0073546336727519975], [0.007171647591720566], [0.006503198316487387], [0.021207811835793632], [0.00905163260127398], [0.005768521875991572], [0.005692844208285667], [0.07509525781669026], [0.008593357007069329], [0.004902399656698351], [0.0], [0.008375055333567248], [0.009413849183161148], [0.07295777225718678], [0.01004181495168026], [0.010190011100953768], [0.0], [0.005667511364899211], [0.01799225527634586], [0.07688531198720575], [0.01006264134043332], [0.01234184540694797], [0.01085274198575822], [0.00546083092285005]], "ios:HAHF": [[0.09987627251088467], [0.009412896918142441], [0.026004559043140595], [0.005807397308601262], [0.044385512674462016], [0.017639483720323874], [0.06697205846217497], [0.00927353692667859], [-0.37397752895576647], [0.028695259734504146], [0.03160009163147071], [0.012182129288849401], [0.01246373132950112], [0.006988527364556632], [0.0068276351944072415], [0.013399358434855688], [0.009919680302203117], [0.012602288000393543], [0.007466102958493084], [0.0061069951835395955], [0.008790592687207856], [0.009579334457852449], [0.004936548622576917], [0.008719722316837045], [0.03906989117464377], [0.00814100228731357], [0.005248402649779163], [0.030709862947413603], [0.005110183901954034], [0.005539548280387016], [0.04511422954280513], [0.00813647186184639], [0.01089421538121239], [0.0], [0.005528435436926431], [0.017613612687610712], [0.0], [0.011282141619623598], [0.008292879540741429], [0.011035797000134838], [0.013363727896705684]]}}